,ds,trend,yhat_lower,yhat_upper,trend_lower,trend_upper,additive_terms,additive_terms_lower,additive_terms_upper,weekly,weekly_lower,weekly_upper,multiplicative_terms,multiplicative_terms_lower,multiplicative_terms_upper,yhat
0,2020-01-22,-677.4217443217639,-15530.994043912477,11103.494052513099,-677.4217443217639,-677.4217443217639,-986.0768442774576,-986.0768442774576,-986.0768442774576,-986.0768442774576,-986.0768442774576,-986.0768442774576,0.0,0.0,0.0,-1663.4985885992214
1,2020-01-23,-660.439177987455,-13923.015165913492,12945.330214759442,-660.439177987455,-660.439177987455,-93.46433074512235,-93.46433074512235,-93.46433074512235,-93.46433074512235,-93.46433074512235,-93.46433074512235,0.0,0.0,0.0,-753.9035087325773
2,2020-01-24,-643.4566116531461,-14505.233870254066,13131.41702298567,-643.4566116531461,-643.4566116531461,397.7322624246254,397.7322624246254,397.7322624246254,397.7322624246254,397.7322624246254,397.7322624246254,0.0,0.0,0.0,-245.72434922852068
3,2020-01-25,-626.4740453188372,-14290.151060042495,14149.76905959726,-626.4740453188372,-626.4740453188372,1216.527289521998,1216.527289521998,1216.527289521998,1216.527289521998,1216.527289521998,1216.527289521998,0.0,0.0,0.0,590.0532442031608
4,2020-01-26,-609.4914789845282,-12749.495465601585,15981.284007531867,-609.4914789845282,-609.4914789845282,1325.3559511876244,1325.3559511876244,1325.3559511876244,1325.3559511876244,1325.3559511876244,1325.3559511876244,0.0,0.0,0.0,715.8644722030963
5,2020-01-27,-592.5089126502193,-15458.119029844971,12144.886768902972,-592.5089126502193,-592.5089126502193,-910.7949801555906,-910.7949801555906,-910.7949801555906,-910.7949801555906,-910.7949801555906,-910.7949801555906,0.0,0.0,0.0,-1503.30389280581
6,2020-01-28,-575.5263463159104,-15305.280544759695,11968.349047477534,-575.5263463159104,-575.5263463159104,-949.2793479599628,-949.2793479599628,-949.2793479599628,-949.2793479599628,-949.2793479599628,-949.2793479599628,0.0,0.0,0.0,-1524.805694275873
7,2020-01-29,-558.5437375486761,-13744.03996556492,11171.927491348177,-558.5437375486761,-558.5437375486761,-986.0768442750328,-986.0768442750328,-986.0768442750328,-986.0768442750328,-986.0768442750328,-986.0768442750328,0.0,0.0,0.0,-1544.620581823709
8,2020-01-30,-541.5611287814418,-14490.039021090617,12804.064151819553,-541.5611287814418,-541.5611287814418,-93.46433074309626,-93.46433074309626,-93.46433074309626,-93.46433074309626,-93.46433074309626,-93.46433074309626,0.0,0.0,0.0,-635.0254595245381
9,2020-01-31,-524.5785200142074,-13654.384573081494,13448.92101806662,-524.5785200142074,-524.5785200142074,397.73226242447316,397.73226242447316,397.73226242447316,397.73226242447316,397.73226242447316,397.73226242447316,0.0,0.0,0.0,-126.8462575897342
10,2020-02-01,-507.59591124697306,-12068.982079861069,14353.353746862704,-507.59591124697306,-507.59591124697306,1216.5272895241812,1216.5272895241812,1216.5272895241812,1216.5272895241812,1216.5272895241812,1216.5272895241812,0.0,0.0,0.0,708.9313782772082
11,2020-02-02,-490.6133024797388,-13352.808966078328,13991.781103249581,-490.6133024797388,-490.6133024797388,1325.355951187041,1325.355951187041,1325.355951187041,1325.355951187041,1325.355951187041,1325.355951187041,0.0,0.0,0.0,834.7426487073021
12,2020-02-03,-473.6306588570084,-15147.213044913004,11977.535948530784,-473.6306588570084,-473.6306588570084,-910.7949801506974,-910.7949801506974,-910.7949801506974,-910.7949801506974,-910.7949801506974,-910.7949801506974,0.0,0.0,0.0,-1384.4256390077057
13,2020-02-04,-456.64801523427815,-15463.434467300944,12774.465251268726,-456.64801523427815,-456.64801523427815,-949.2793479599874,-949.2793479599874,-949.2793479599874,-949.2793479599874,-949.2793479599874,-949.2793479599874,0.0,0.0,0.0,-1405.9273631942656
14,2020-02-05,-439.66537161154776,-14680.687357121651,12620.676491481274,-439.66537161154776,-439.66537161154776,-986.0768442757586,-986.0768442757586,-986.0768442757586,-986.0768442757586,-986.0768442757586,-986.0768442757586,0.0,0.0,0.0,-1425.7422158873064
15,2020-02-06,-422.6827279888175,-13999.773562388435,13679.213461149107,-422.6827279888175,-422.6827279888175,-93.4643307471349,-93.4643307471349,-93.4643307471349,-93.4643307471349,-93.4643307471349,-93.4643307471349,0.0,0.0,0.0,-516.1470587359523
16,2020-02-07,-405.7000843660871,-13063.997905860155,13250.485115615122,-405.7000843660871,-405.7000843660871,397.7322624232583,397.7322624232583,397.7322624232583,397.7322624232583,397.7322624232583,397.7322624232583,0.0,0.0,0.0,-7.9678219428287775
17,2020-02-08,-388.71744074335675,-12996.01679986867,15480.179551326251,-388.71744074335675,-388.71744074335675,1216.527289521886,1216.527289521886,1216.527289521886,1216.527289521886,1216.527289521886,1216.527289521886,0.0,0.0,0.0,827.8098487785292
18,2020-02-09,-371.7348365683568,-12670.932502576228,14192.836568582592,-371.7348365683568,-371.7348365683568,1325.3559511864578,1325.3559511864578,1325.3559511864578,1325.3559511864578,1325.3559511864578,1325.3559511864578,0.0,0.0,0.0,953.621114618101
19,2020-02-10,-354.75223239335696,-15879.349160676564,13043.669796693428,-354.75223239335696,-354.75223239335696,-910.7949801513985,-910.7949801513985,-910.7949801513985,-910.7949801513985,-910.7949801513985,-910.7949801513985,0.0,0.0,0.0,-1265.5472125447554
20,2020-02-11,-337.76962821835707,-14748.658583134338,11228.817147594369,-337.76962821835707,-337.76962821835707,-949.2793479606016,-949.2793479606016,-949.2793479606016,-949.2793479606016,-949.2793479606016,-949.2793479606016,0.0,0.0,0.0,-1287.0489761789586
21,2020-02-12,-320.7870240433571,-15673.893459843273,12452.09113713159,-320.7870240433571,-320.7870240433571,-986.0768442764846,-986.0768442764846,-986.0768442764846,-986.0768442764846,-986.0768442764846,-986.0768442764846,0.0,0.0,0.0,-1306.8638683198417
22,2020-02-13,-303.8044198683573,-14028.280434210239,13966.492476895357,-303.8044198683573,-303.8044198683573,-93.46433074510884,-93.46433074510884,-93.46433074510884,-93.46433074510884,-93.46433074510884,-93.46433074510884,0.0,0.0,0.0,-397.2687506134661
23,2020-02-14,-286.8218156933573,-13274.509585727536,13838.523199164014,-286.8218156933573,-286.8218156933573,397.7322624245407,397.7322624245407,397.7322624245407,397.7322624245407,397.7322624245407,397.7322624245407,0.0,0.0,0.0,110.91044673118341
24,2020-02-15,-269.83925414261466,-14115.468270614992,15065.111130775957,-269.83925414261466,-269.83925414261466,1216.5272895240694,1216.5272895240694,1216.5272895240694,1216.5272895240694,1216.5272895240694,1216.5272895240694,0.0,0.0,0.0,946.6880353814547
25,2020-02-16,-252.85669259187193,-12556.174215380777,15428.386313112054,-252.85669259187193,-252.85669259187193,1325.3559511843357,1325.3559511843357,1325.3559511843357,1325.3559511843357,1325.3559511843357,1325.3559511843357,0.0,0.0,0.0,1072.4992585924638
26,2020-02-17,-235.87413104112923,-15605.492314366662,12726.22639038326,-235.87413104112923,-235.87413104112923,-910.7949801531648,-910.7949801531648,-910.7949801531648,-910.7949801531648,-910.7949801531648,-910.7949801531648,0.0,0.0,0.0,-1146.6691111942941
27,2020-02-18,-218.8915694903866,-15330.722004091202,11813.065929148435,-218.8915694903866,-218.8915694903866,-949.2793479600476,-949.2793479600476,-949.2793479600476,-949.2793479600476,-949.2793479600476,-949.2793479600476,0.0,0.0,0.0,-1168.1709174504342
28,2020-02-19,-201.90900793964389,-15338.587488728681,12114.634356171242,-201.90900793964389,-201.90900793964389,-986.0768442740598,-986.0768442740598,-986.0768442740598,-986.0768442740598,-986.0768442740598,-986.0768442740598,0.0,0.0,0.0,-1187.9858522137038
29,2020-02-20,-184.92644638890133,-14927.26400520364,13361.11371354169,-184.92644638890133,-184.92644638890133,-93.46433074534292,-93.46433074534292,-93.46433074534292,-93.46433074534292,-93.46433074534292,-93.46433074534292,0.0,0.0,0.0,-278.3907771342442
30,2020-02-21,-167.94385618389285,-13312.3065613949,14942.00714651189,-167.94385618389285,-167.94385618389285,397.732262425823,397.732262425823,397.732262425823,397.732262425823,397.732262425823,397.732262425823,0.0,0.0,0.0,229.78840624193018
31,2020-02-22,-150.9612659788843,-12217.579382055985,15439.148892753668,-150.9612659788843,-150.9612659788843,1216.527289521514,1216.527289521514,1216.527289521514,1216.527289521514,1216.527289521514,1216.527289521514,0.0,0.0,0.0,1065.5660235426296
32,2020-02-23,-133.97867577387592,-12331.053200859817,14689.649226013604,-133.97867577387592,-133.97867577387592,1325.3559511852907,1325.3559511852907,1325.3559511852907,1325.3559511852907,1325.3559511852907,1325.3559511852907,0.0,0.0,0.0,1191.3772754114148
33,2020-02-24,-116.99608556886744,-13767.49708753719,12219.644924594299,-116.99608556886744,-116.99608556886744,-910.7949801538659,-910.7949801538659,-910.7949801538659,-910.7949801538659,-910.7949801538659,-910.7949801538659,0.0,0.0,0.0,-1027.7910657227335
34,2020-02-25,-100.01349536385896,-15683.757906962273,12205.013332082075,-100.01349536385896,-100.01349536385896,-949.279347960651,-949.279347960651,-949.279347960651,-949.279347960651,-949.279347960651,-949.279347960651,0.0,0.0,0.0,-1049.29284332451
35,2020-02-26,-83.03089720998338,-15650.112266054926,12564.984725082775,-83.03089720998338,-83.03089720998338,-986.0768442747856,-986.0768442747856,-986.0768442747856,-986.0768442747856,-986.0768442747856,-986.0768442747856,0.0,0.0,0.0,-1069.107741484769
36,2020-02-27,-66.04829905610772,-14947.886223866859,12172.609317695826,-66.04829905610772,-66.04829905610772,-93.46433074486131,-93.46433074486131,-93.46433074486131,-93.46433074486131,-93.46433074486131,-93.46433074486131,0.0,0.0,0.0,-159.51262980096902
37,2020-02-28,-49.065700902232145,-12538.363144607662,13962.100446702943,-49.065700902232145,-49.065700902232145,397.73226242710547,397.73226242710547,397.73226242710547,397.73226242710547,397.73226242710547,397.73226242710547,0.0,0.0,0.0,348.6665615248733
38,2020-02-29,-32.083102748356566,-12681.052884038005,14146.762539396843,-32.083102748356566,-32.083102748356566,1216.5272895236976,1216.5272895236976,1216.5272895236976,1216.5272895236976,1216.5272895236976,1216.5272895236976,0.0,0.0,0.0,1184.444186775341
39,2020-03-01,-15.100504594480906,-13324.787739844183,14421.195736137213,-15.100504594480906,-15.100504594480906,1325.3559511883109,1325.3559511883109,1325.3559511883109,1325.3559511883109,1325.3559511883109,1325.3559511883109,0.0,0.0,0.0,1310.25544659383
40,2020-03-02,1.8820935593946757,-14888.507699364473,12607.704311095833,1.8820935593946757,1.8820935593946757,-910.7949801550998,-910.7949801550998,-910.7949801550998,-910.7949801550998,-910.7949801550998,-910.7949801550998,0.0,0.0,0.0,-908.9128865957051
41,2020-03-03,18.86470757276865,-14373.321384425382,13453.383011770151,18.86470757276865,18.86470757276865,-949.279347960097,-949.279347960097,-949.279347960097,-949.279347960097,-949.279347960097,-949.279347960097,0.0,0.0,0.0,-930.4146403873283
42,2020-03-04,35.847321586142556,-16422.12029199835,13690.45008856439,35.847321586142556,35.847321586142556,-986.0768442766395,-986.0768442766395,-986.0768442766395,-986.0768442766395,-986.0768442766395,-986.0768442766395,0.0,0.0,0.0,-950.2295226904969
43,2020-03-05,52.82993559951645,-14350.797536961647,14221.041957726991,52.829935599516446,52.829935599516446,-93.46433074735548,-93.46433074735548,-93.46433074735548,-93.46433074735548,-93.46433074735548,-93.46433074735548,0.0,0.0,0.0,-40.63439514783902
44,2020-03-06,69.81254961289035,-13594.086524149558,14054.629591573015,69.81254961289035,69.81254961289035,397.73226242589067,397.73226242589067,397.73226242589067,397.73226242589067,397.73226242589067,397.73226242589067,0.0,0.0,0.0,467.544812038781
45,2020-03-07,86.79516362626441,-12299.52750137594,16454.31764986974,86.79516362626441,86.79516362626441,1216.5272895214018,1216.5272895214018,1216.5272895214018,1216.5272895214018,1216.5272895214018,1216.5272895214018,0.0,0.0,0.0,1303.3224531476662
46,2020-03-08,103.7777776396383,-12090.235054271472,15245.532049244812,103.7777776396383,103.7777776396383,1325.355951186189,1325.355951186189,1325.355951186189,1325.355951186189,1325.355951186189,1325.355951186189,0.0,0.0,0.0,1429.1337288258273
47,2020-03-09,120.7603983110732,-15136.84019324668,11997.616239200626,120.7603983110732,120.7603983110732,-910.7949801502066,-910.7949801502066,-910.7949801502066,-910.7949801502066,-910.7949801502066,-910.7949801502066,0.0,0.0,0.0,-790.0345818391334
48,2020-03-10,137.74301898250795,-15324.968016172304,13019.243810826718,137.74301898250795,137.74301898250795,-949.2793479601216,-949.2793479601216,-949.2793479601216,-949.2793479601216,-949.2793479601216,-949.2793479601216,0.0,0.0,0.0,-811.5363289776137
49,2020-03-11,154.7256396539427,-15519.981219173249,12649.172480096231,154.7256396539427,154.7256396539427,-986.0768442757901,-986.0768442757901,-986.0768442757901,-986.0768442757901,-986.0768442757901,-986.0768442757901,0.0,0.0,0.0,-831.3512046218474
50,2020-03-12,171.70826032537744,-14729.374615570197,13832.43673928541,171.70826032537744,171.70826032537744,-93.46433074532945,-93.46433074532945,-93.46433074532945,-93.46433074532945,-93.46433074532945,-93.46433074532945,0.0,0.0,0.0,78.24392958004799
51,2020-03-13,188.69088099681233,-13975.576913200886,13643.083641114383,188.69088099681233,188.69088099681233,397.7322624296702,397.7322624296702,397.7322624296702,397.7322624296702,397.7322624296702,397.7322624296702,0.0,0.0,0.0,586.4231434264825
52,2020-03-14,205.67480516414344,-12609.064018445368,14731.727469316525,205.67480516414344,205.67480516414344,1216.5272895235858,1216.5272895235858,1216.5272895235858,1216.5272895235858,1216.5272895235858,1216.5272895235858,0.0,0.0,0.0,1422.2020946877292
53,2020-03-15,222.65872933147423,-13488.873821767556,15630.926323050959,222.65872933147423,222.65872933147423,1325.3559511856054,1325.3559511856054,1325.3559511856054,1325.3559511856054,1325.3559511856054,1325.3559511856054,0.0,0.0,0.0,1548.0146805170796
54,2020-03-16,239.64265349880517,-14159.432866045006,12661.466412240301,239.64265349880517,239.64265349880517,-910.7949801514403,-910.7949801514403,-910.7949801514403,-910.7949801514403,-910.7949801514403,-910.7949801514403,0.0,0.0,0.0,-671.1523266526351
55,2020-03-17,256.626577666136,-13557.778030468597,14335.85466582133,256.626577666136,256.626577666136,-949.2793479595676,-949.2793479595676,-949.2793479595676,-949.2793479595676,-949.2793479595676,-949.2793479595676,0.0,0.0,0.0,-692.6527702934317
56,2020-03-18,273.6105018334669,-14780.812121824949,12157.872188148653,273.6105018334669,273.6105018334669,-986.0768442749404,-986.0768442749404,-986.0768442749404,-986.0768442749404,-986.0768442749404,-986.0768442749404,0.0,0.0,0.0,-712.4663424414734
57,2020-03-19,290.5944260007979,-13731.95011734054,13433.717232144361,290.5944260007979,290.5944260007979,-93.46433074330336,-93.46433074330336,-93.46433074330336,-93.46433074330336,-93.46433074330336,-93.46433074330336,0.0,0.0,0.0,197.13009525749453
58,2020-03-20,307.59128258887176,-13467.875413160467,14923.152118395705,307.59128258887176,307.59128258887176,397.73226242452364,397.73226242452364,397.73226242452364,397.73226242452364,397.73226242452364,397.73226242452364,0.0,0.0,0.0,705.3235450133955
59,2020-03-21,324.58813917694573,-12099.879124763065,14494.20598690086,324.58813917694573,324.58813917694573,1216.5272895235294,1216.5272895235294,1216.5272895235294,1216.5272895235294,1216.5272895235294,1216.5272895235294,0.0,0.0,0.0,1541.1154287004751
60,2020-03-22,341.5849957650197,-12391.403313656005,16174.890376082572,341.5849957650197,341.5849957650197,1325.3559511850221,1325.3559511850221,1325.3559511850221,1325.3559511850221,1325.3559511850221,1325.3559511850221,0.0,0.0,0.0,1666.940946950042
61,2020-03-23,358.58185235309367,-14474.99722843075,13207.25411755041,358.58185235309367,358.58185235309367,-910.7949801521412,-910.7949801521412,-910.7949801521412,-910.7949801521412,-910.7949801521412,-910.7949801521412,0.0,0.0,0.0,-552.2131277990475
62,2020-03-24,375.57870894116763,-14000.535244086655,12868.311629758711,375.57870894116763,375.57870894116763,-949.2793479601706,-949.2793479601706,-949.2793479601706,-949.2793479601706,-949.2793479601706,-949.2793479601706,0.0,0.0,0.0,-573.700639019003
63,2020-03-25,392.57556552924166,-14580.52308734373,13534.354771781751,392.57556552924166,392.57556552924166,-986.0768442783697,-986.0768442783697,-986.0768442783697,-986.0768442783697,-986.0768442783697,-986.0768442783697,0.0,0.0,0.0,-593.501278749128
64,2020-03-26,409.5994361967699,-13981.418235129437,14460.833465196678,409.59943619676983,409.59943619676983,-93.46433074579755,-93.46433074579755,-93.46433074579755,-93.46433074579755,-93.46433074579755,-93.46433074579755,0.0,0.0,0.0,316.13510545097233
65,2020-03-27,426.6233068642982,-13170.632960370554,14571.198032779754,426.6233068642982,426.6233068642982,397.73226242580586,397.73226242580586,397.73226242580586,397.73226242580586,397.73226242580586,397.73226242580586,0.0,0.0,0.0,824.3555692901041
66,2020-03-28,443.64717753182646,-12190.923766193264,15023.418466085464,443.64717753182646,443.64717753182646,1216.5272895234739,1216.5272895234739,1216.5272895234739,1216.5272895234739,1216.5272895234739,1216.5272895234739,0.0,0.0,0.0,1660.1744670553003
67,2020-03-29,460.67104819935474,-11531.592792940626,15203.593448288206,460.67104819935474,460.67104819935474,1325.3559511844387,1325.3559511844387,1325.3559511844387,1325.3559511844387,1325.3559511844387,1325.3559511844387,0.0,0.0,0.0,1786.0269993837935
68,2020-03-30,477.69491886688303,-14577.360968610164,13478.612126744743,477.69491886688303,477.69491886688303,-910.7949801539078,-910.7949801539078,-910.7949801539078,-910.7949801539078,-910.7949801539078,-910.7949801539078,0.0,0.0,0.0,-433.10006128702474
69,2020-03-31,494.71878953441126,-15021.183513816286,12290.404479773824,494.71878953441126,494.71878953441126,-949.2793479602066,-949.2793479602066,-949.2793479602066,-949.2793479602066,-949.2793479602066,-949.2793479602066,0.0,0.0,0.0,-454.5605584257953
70,2020-04-01,512.9767887434674,-13397.877820618334,12571.235448952002,512.9767887434674,512.9767887434674,-986.0768442775205,-986.0768442775205,-986.0768442775205,-986.0768442775205,-986.0768442775205,-986.0768442775205,0.0,0.0,0.0,-473.1000555340531
71,2020-04-02,531.2347879525238,-13491.98263230201,14415.77455447526,531.2347879525238,531.2347879525238,-93.4643307437715,-93.4643307437715,-93.4643307437715,-93.4643307437715,-93.4643307437715,-93.4643307437715,0.0,0.0,0.0,437.7704572087523
72,2020-04-03,549.4927871615798,-11750.945174570745,13901.921125260484,549.4927871615798,549.4927871615798,397.732262424591,397.732262424591,397.732262424591,397.732262424591,397.732262424591,397.732262424591,0.0,0.0,0.0,947.2250495861708
73,2020-04-04,567.7507863706359,-11801.946137573445,15137.147345462043,567.7507863706359,567.7507863706359,1216.527289520918,1216.527289520918,1216.527289520918,1216.527289520918,1216.527289520918,1216.527289520918,0.0,0.0,0.0,1784.2780758915537
74,2020-04-05,586.0087855796907,-11004.788053856737,15056.554045856543,586.0087855796907,586.0087855796907,1325.3559511874587,1325.3559511874587,1325.3559511874587,1325.3559511874587,1325.3559511874587,1325.3559511874587,0.0,0.0,0.0,1911.3647367671492
75,2020-04-06,697.1956660093999,-14361.079148508114,13539.180669837533,697.1956660093999,697.1956660093999,-910.7949801546088,-910.7949801546088,-910.7949801546088,-910.7949801546088,-910.7949801546088,-910.7949801546088,0.0,0.0,0.0,-213.59931414520884
76,2020-04-07,808.3825464391093,-14590.922137705144,13060.98179959207,808.3825464391093,808.3825464391093,-949.2793479602312,-949.2793479602312,-949.2793479602312,-949.2793479602312,-949.2793479602312,-949.2793479602312,0.0,0.0,0.0,-140.89680152112192
77,2020-04-08,919.5694268688175,-13200.983847372027,13541.152472887847,919.5694268688175,919.5694268688175,-986.076844276671,-986.076844276671,-986.076844276671,-986.076844276671,-986.076844276671,-986.076844276671,0.0,0.0,0.0,-66.5074174078535
78,2020-04-09,1030.7563072985267,-13038.919389392911,15109.610410685178,1030.7563072985267,1030.7563072985267,-93.46433074400558,-93.46433074400558,-93.46433074400558,-93.46433074400558,-93.46433074400558,-93.46433074400558,0.0,0.0,0.0,937.2919765545212
79,2020-04-10,1141.943187728235,-12494.951974145299,14485.75050373888,1141.943187728235,1141.943187728235,397.73226242837086,397.73226242837086,397.73226242837086,397.73226242837086,397.73226242837086,397.73226242837086,0.0,0.0,0.0,1539.6754501566058
80,2020-04-11,1253.1300681579469,-10493.021852204198,16856.010058219836,1253.1300681579469,1253.1300681579469,1216.527289523102,1216.527289523102,1216.527289523102,1216.527289523102,1216.527289523102,1216.527289523102,0.0,0.0,0.0,2469.657357681049
81,2020-04-12,1506.1873372723571,-11369.790065708527,16573.78505110931,1506.1873372723571,1506.1873372723571,1325.3559511884139,1325.3559511884139,1325.3559511884139,1325.3559511884139,1325.3559511884139,1325.3559511884139,0.0,0.0,0.0,2831.543288460771
82,2020-04-13,1759.2446063867674,-14390.339779052123,14579.466173501587,1759.2446063867674,1759.2446063867674,-910.7949801553099,-910.7949801553099,-910.7949801553099,-910.7949801553099,-910.7949801553099,-910.7949801553099,0.0,0.0,0.0,848.4496262314575
83,2020-04-14,2012.3018755011751,-13170.936756165465,14408.689372464745,2012.3018755011751,2012.3018755011751,-949.2793479602559,-949.2793479602559,-949.2793479602559,-949.2793479602559,-949.2793479602559,-949.2793479602559,0.0,0.0,0.0,1063.0225275409193
84,2020-04-15,2265.359144615585,-12646.811177581258,14842.623842105175,2265.359144615585,2265.359144615585,-986.0768442758215,-986.0768442758215,-986.0768442758215,-986.0768442758215,-986.0768442758215,-986.0768442758215,0.0,0.0,0.0,1279.2823003397637
85,2020-04-16,2518.416413729993,-11421.384259497112,16214.610307403156,2518.416413729993,2518.416413729993,-93.46433074578408,-93.46433074578408,-93.46433074578408,-93.46433074578408,-93.46433074578408,-93.46433074578408,0.0,0.0,0.0,2424.952082984209
86,2020-04-17,2771.4736828444056,-10977.235632755426,17663.091092947263,2771.4736828444056,2771.4736828444056,397.7322624271557,397.7322624271557,397.7322624271557,397.7322624271557,397.7322624271557,397.7322624271557,0.0,0.0,0.0,3169.205945271561
87,2020-04-18,3152.2718947126227,-8555.363265668035,17801.8766306242,3152.2718947126227,3152.2718947126227,1216.527289520806,1216.527289520806,1216.527289520806,1216.527289520806,1216.527289520806,1216.527289520806,0.0,0.0,0.0,4368.799184233429
88,2020-04-19,3533.07010658084,-9123.341452102588,18304.806043548477,3533.07010658084,3533.07010658084,1325.355951186292,1325.355951186292,1325.355951186292,1325.355951186292,1325.355951186292,1325.355951186292,0.0,0.0,0.0,4858.426057767132
89,2020-04-20,3913.8683184490615,-10206.66135252589,15897.565952999952,3913.8683184490615,3913.8683184490615,-910.7949801565436,-910.7949801565436,-910.7949801565436,-910.7949801565436,-910.7949801565436,-910.7949801565436,0.0,0.0,0.0,3003.0733382925177
90,2020-04-21,4294.666530317283,-10174.021482630978,16888.129546887045,4294.666530317283,4294.666530317283,-949.2793479608705,-949.2793479608705,-949.2793479608705,-949.2793479608705,-949.2793479608705,-949.2793479608705,0.0,0.0,0.0,3345.3871823564127
91,2020-04-22,4675.4647421855,-11257.394133114632,18562.534095689025,4675.4647421855,4675.4647421855,-986.0768442765473,-986.0768442765473,-986.0768442765473,-986.0768442765473,-986.0768442765473,-986.0768442765473,0.0,0.0,0.0,3689.3878979089523
92,2020-04-23,5056.262954053722,-8384.207692430837,19433.16706024948,5056.262954053722,5056.262954053722,-93.46433074601816,-93.46433074601816,-93.46433074601816,-93.46433074601816,-93.46433074601816,-93.46433074601816,0.0,0.0,0.0,4962.798623307704
93,2020-04-24,5589.7365545597,-8524.376329640956,19957.18436362554,5589.7365545597,5589.7365545597,397.73226242594103,397.73226242594103,397.73226242594103,397.73226242594103,397.73226242594103,397.73226242594103,0.0,0.0,0.0,5987.468816985642
94,2020-04-25,6123.210155065688,-6582.824310623338,21243.52388721687,6123.210155065688,6123.210155065688,1216.52728952299,1216.52728952299,1216.52728952299,1216.52728952299,1216.52728952299,1216.52728952299,0.0,0.0,0.0,7339.737444588678
95,2020-04-26,6656.683755571685,-5034.774270107924,21434.227277124923,6656.683755571685,6656.683755571685,1325.3559511857084,1325.3559511857084,1325.3559511857084,1325.3559511857084,1325.3559511857084,1325.3559511857084,0.0,0.0,0.0,7982.039706757393
96,2020-04-27,7190.157356077663,-7163.36831564857,20001.87414460201,7190.157356077663,7190.157356077663,-910.7949801516504,-910.7949801516504,-910.7949801516504,-910.7949801516504,-910.7949801516504,-910.7949801516504,0.0,0.0,0.0,6279.362375926013
97,2020-04-28,7723.630956583651,-6907.420288872292,20333.722268394285,7723.630956583651,7723.630956583651,-949.2793479603162,-949.2793479603162,-949.2793479603162,-949.2793479603162,-949.2793479603162,-949.2793479603162,0.0,0.0,0.0,6774.351608623335
98,2020-04-29,8349.575457758556,-6831.87090400415,20680.266268639087,8349.575457758556,8349.575457758556,-986.0768442741223,-986.0768442741223,-986.0768442741223,-986.0768442741223,-986.0768442741223,-986.0768442741223,0.0,0.0,0.0,7363.498613484433
99,2020-04-30,8975.51995893348,-4239.944338569736,21959.24149579013,8975.51995893348,8975.51995893348,-93.46433074399206,-93.46433074399206,-93.46433074399206,-93.46433074399206,-93.46433074399206,-93.46433074399206,0.0,0.0,0.0,8882.055628189488
100,2020-05-01,9601.464460108386,-4491.038045913397,24007.45091582431,9601.464460108386,9601.464460108386,397.73226242578886,397.73226242578886,397.73226242578886,397.73226242578886,397.73226242578886,397.73226242578886,0.0,0.0,0.0,9999.196722534174
101,2020-05-02,10227.40896128331,-1690.216790344473,25674.27115800859,10227.40896128331,10227.40896128331,1216.5272895204346,1216.5272895204346,1216.5272895204346,1216.5272895204346,1216.5272895204346,1216.5272895204346,0.0,0.0,0.0,11443.936250803745
102,2020-05-03,10853.353462458217,-1067.3331709432462,25914.859178807383,10853.353462458217,10853.353462458217,1325.3559511851252,1325.3559511851252,1325.3559511851252,1325.3559511851252,1325.3559511851252,1325.3559511851252,0.0,0.0,0.0,12178.709413643342
103,2020-05-04,11479.297963633131,-3741.626940882528,25145.633115031247,11479.297963633131,11479.297963633131,-910.794980152884,-910.794980152884,-910.794980152884,-910.794980152884,-910.794980152884,-910.794980152884,0.0,0.0,0.0,10568.502983480246
104,2020-05-05,12712.291167946601,-1608.0466397296418,24788.403417685626,12712.291167946601,12712.291167946601,-949.2793479609196,-949.2793479609196,-949.2793479609196,-949.2793479609196,-949.2793479609196,-949.2793479609196,0.0,0.0,0.0,11763.011819985682
105,2020-05-06,13945.284372260054,-252.00582513380112,27579.65039935566,13945.284372260054,13945.284372260054,-986.0768442748484,-986.0768442748484,-986.0768442748484,-986.0768442748484,-986.0768442748484,-986.0768442748484,0.0,0.0,0.0,12959.207527985205
106,2020-05-07,15178.277576573526,-133.98131877670644,27957.989106539426,15178.277576573526,15178.277576573526,-93.46433074422616,-93.46433074422616,-93.46433074422616,-93.46433074422616,-93.46433074422616,-93.46433074422616,0.0,0.0,0.0,15084.8132458293
107,2020-05-08,16411.270780886978,3246.048905832009,30166.72234893784,16411.270780886978,16411.270780886978,397.73226242457395,397.73226242457395,397.73226242457395,397.73226242457395,397.73226242457395,397.73226242457395,0.0,0.0,0.0,16809.003043311553
108,2020-05-09,17644.26398520047,5992.303967070243,32573.208899316254,17644.26398520047,17644.26398520047,1216.5272895226176,1216.5272895226176,1216.5272895226176,1216.5272895226176,1216.5272895226176,1216.5272895226176,0.0,0.0,0.0,18860.791274723088
109,2020-05-10,18877.25718951392,7579.1676141129665,33683.25300289242,18877.25718951392,18877.25718951392,1325.3559511845417,1325.3559511845417,1325.3559511845417,1325.3559511845417,1325.3559511845417,1325.3559511845417,0.0,0.0,0.0,20202.61314069846
110,2020-05-11,21453.650502001456,7459.5715385635785,34313.13705058035,21453.650502001456,21453.650502001456,-910.7949801535852,-910.7949801535852,-910.7949801535852,-910.7949801535852,-910.7949801535852,-910.7949801535852,0.0,0.0,0.0,20542.85552184787
111,2020-05-12,24030.043814488992,9126.008633826768,37501.273994503776,24030.043814488992,24030.043814488992,-949.2793479603657,-949.2793479603657,-949.2793479603657,-949.2793479603657,-949.2793479603657,-949.2793479603657,0.0,0.0,0.0,23080.764466528628
112,2020-05-13,26606.437126976525,11442.194602874517,39105.62738134105,26606.437126976525,26606.437126976525,-986.076844276702,-986.076844276702,-986.076844276702,-986.076844276702,-986.076844276702,-986.076844276702,0.0,0.0,0.0,25620.360282699825
113,2020-05-14,29182.83043946406,14626.364737140411,43822.348708063575,29182.83043946406,29182.83043946406,-93.46433074446021,-93.46433074446021,-93.46433074446021,-93.46433074446021,-93.46433074446021,-93.46433074446021,0.0,0.0,0.0,29089.3661087196
114,2020-05-15,31759.22375195156,18594.270971896098,46264.99517311604,31759.22375195156,31759.22375195156,397.7322624258563,397.7322624258563,397.7322624258563,397.7322624258563,397.7322624258563,397.7322624258563,0.0,0.0,0.0,32156.956014377414
115,2020-05-16,35111.70396404871,23822.195431522552,50345.83214237427,35111.70396404871,35111.70396404871,1216.5272895203225,1216.5272895203225,1216.5272895203225,1216.5272895203225,1216.5272895203225,1216.5272895203225,0.0,0.0,0.0,36328.231253569036
116,2020-05-17,38464.18417614586,26085.63731704747,53043.32020064628,38464.18417614586,38464.18417614586,1325.3559511824194,1325.3559511824194,1325.3559511824194,1325.3559511824194,1325.3559511824194,1325.3559511824194,0.0,0.0,0.0,39789.540127328284
117,2020-05-18,41816.664388243014,26243.196785552784,55230.78305123701,41816.664388243014,41816.664388243014,-910.7949801492246,-910.7949801492246,-910.7949801492246,-910.7949801492246,-910.7949801492246,-910.7949801492246,0.0,0.0,0.0,40905.86940809379
118,2020-05-19,45169.144600340085,30350.987807684185,58788.36179383194,45169.144600340085,45169.144600340085,-949.2793479598116,-949.2793479598116,-949.2793479598116,-949.2793479598116,-949.2793479598116,-949.2793479598116,0.0,0.0,0.0,44219.865252380274
119,2020-05-20,48521.624812437236,32848.06609059227,60771.91356663652,48521.624812437236,48521.624812437236,-986.0768442758526,-986.0768442758526,-986.0768442758526,-986.0768442758526,-986.0768442758526,-986.0768442758526,0.0,0.0,0.0,47535.54796816138
120,2020-05-21,51874.105024534234,38347.872298587274,65958.38147691592,51874.105024534234,51874.105024534234,-93.4643307446943,-93.4643307446943,-93.4643307446943,-93.4643307446943,-93.4643307446943,-93.4643307446943,0.0,0.0,0.0,51780.64069378954
121,2020-05-22,55324.99184121825,40962.85903194061,69100.5512066753,55324.99184121825,55324.99184121825,397.73226242713866,397.73226242713866,397.73226242713866,397.73226242713866,397.73226242713866,397.73226242713866,0.0,0.0,0.0,55722.72410364539
122,2020-05-23,58775.87865790227,46103.80891996286,74365.05063602011,58775.87865790227,58775.87865790227,1216.5272895225062,1216.5272895225062,1216.5272895225062,1216.5272895225062,1216.5272895225062,1216.5272895225062,0.0,0.0,0.0,59992.40594742478
123,2020-05-24,62226.7654745863,49716.92165282254,78012.63317326707,62226.7654745863,62226.7654745863,1325.3559511869785,1325.3559511869785,1325.3559511869785,1325.3559511869785,1325.3559511869785,1325.3559511869785,0.0,0.0,0.0,63552.12142577327
124,2020-05-25,65677.65229127031,51121.39766537156,77885.62286329774,65677.65229127031,65677.65229127031,-910.7949801499258,-910.7949801499258,-910.7949801499258,-910.7949801499258,-910.7949801499258,-910.7949801499258,0.0,0.0,0.0,64766.85731112038
125,2020-05-26,69128.53910795426,54238.92470676466,81076.11346989348,69128.53910795426,69128.53910795426,-949.2793479598364,-949.2793479598364,-949.2793479598364,-949.2793479598364,-949.2793479598364,-949.2793479598364,0.0,0.0,0.0,68179.25975999443
126,2020-05-27,72579.42592463836,57915.19368965674,85734.88585705553,72579.42592463836,72579.42592463836,-986.0768442750034,-986.0768442750034,-986.0768442750034,-986.0768442750034,-986.0768442750034,-986.0768442750034,0.0,0.0,0.0,71593.34908036336
127,2020-05-28,76207.91191377208,62051.134124986624,89642.14756286288,76207.91191377208,76207.91191377208,-93.46433074421265,-93.46433074421265,-93.46433074421265,-93.46433074421265,-93.46433074421265,-93.46433074421265,0.0,0.0,0.0,76114.44758302787
128,2020-05-29,79836.3979029059,66277.79682336289,94289.35987438605,79836.3979029059,79836.3979029059,397.7322624244893,397.7322624244893,397.7322624244893,397.7322624244893,397.7322624244893,397.7322624244893,0.0,0.0,0.0,80234.13016533038
129,2020-05-30,83464.88389203962,71723.53347187044,98719.07133501284,83464.88389203962,83464.88389203962,1216.5272895246896,1216.5272895246896,1216.5272895246896,1216.5272895246896,1216.5272895246896,1216.5272895246896,0.0,0.0,0.0,84681.41118156431
130,2020-05-31,87093.36988117335,73671.21645735564,103485.20772821232,87093.36988117335,87093.36988117335,1325.355951186395,1325.355951186395,1325.355951186395,1325.355951186395,1325.355951186395,1325.355951186395,0.0,0.0,0.0,88418.72583235975
131,2020-06-01,90721.85587030707,76207.7984499619,103077.2533192226,90721.85587030707,90721.85587030707,-910.7949801511595,-910.7949801511595,-910.7949801511595,-910.7949801511595,-910.7949801511595,-910.7949801511595,0.0,0.0,0.0,89811.06089015592
132,2020-06-02,94350.34185944096,79828.58071624073,107767.8796493127,94350.34185944096,94350.34185944096,-949.2793479598608,-949.2793479598608,-949.2793479598608,-949.2793479598608,-949.2793479598608,-949.2793479598608,0.0,0.0,0.0,93401.0625114811
133,2020-06-03,97978.82821621359,82931.76025914733,110585.95355700894,97978.82821621359,97978.82821621359,-986.0768442757293,-986.0768442757293,-986.0768442757293,-986.0768442757293,-986.0768442757293,-986.0768442757293,0.0,0.0,0.0,96992.75137193786
134,2020-06-04,101607.31457298622,86903.85846594874,115065.66615435983,101607.31457298622,101607.31457298622,-93.46433074670684,-93.46433074670684,-93.46433074670684,-93.46433074670684,-93.46433074670684,-93.46433074670684,0.0,0.0,0.0,101513.85024223951
135,2020-06-05,105235.80092975892,91926.35006860296,119948.26102001556,105235.80092975892,105235.80092975892,397.73226242327434,397.73226242327434,397.73226242327434,397.73226242327434,397.73226242327434,397.73226242327434,0.0,0.0,0.0,105633.53319218219
136,2020-06-06,108864.28728653154,96502.45701497575,123249.813006142,108864.28728653154,108864.28728653154,1216.527289522394,1216.527289522394,1216.527289522394,1216.527289522394,1216.527289522394,1216.527289522394,0.0,0.0,0.0,110080.81457605393
137,2020-06-07,112492.77364330424,99396.11748049705,128123.18003476839,112492.77364330424,112492.77364330424,1325.3559511858114,1325.3559511858114,1325.3559511858114,1325.3559511858114,1325.3559511858114,1325.3559511858114,0.0,0.0,0.0,113818.12959449006
138,2020-06-08,116121.26383551492,101347.11152656782,128422.91119592972,116121.26383551492,116121.26383551492,-910.7949801523932,-910.7949801523932,-910.7949801523932,-910.7949801523932,-910.7949801523932,-910.7949801523932,0.0,0.0,0.0,115210.46885536253
139,2020-06-09,119749.75402772568,104133.57090934367,131436.35253719054,119749.75402772568,119749.75402772568,-949.2793479604753,-949.2793479604753,-949.2793479604753,-949.2793479604753,-949.2793479604753,-949.2793479604753,0.0,0.0,0.0,118800.4746797652
140,2020-06-10,123378.24421993634,107563.2249089116,136286.3830253964,123378.24421993634,123378.24421993634,-986.0768442733041,-986.0768442733041,-986.0768442733041,-986.0768442733041,-986.0768442733041,-986.0768442733041,0.0,0.0,0.0,122392.16737566303
141,2020-06-11,127006.7344121471,113243.02957861208,140518.98534850337,127006.7344121471,127006.7344121471,-93.46433074468078,-93.46433074468078,-93.46433074468078,-93.46433074468078,-93.46433074468078,-93.46433074468078,0.0,0.0,0.0,126913.27008140241
142,2020-06-12,130635.22460435776,115963.59791439644,145039.91730578922,130635.22460435776,130635.22460435776,397.73226242455684,397.73226242455684,397.73226242455684,397.73226242455684,397.73226242455684,397.73226242455684,0.0,0.0,0.0,131032.95686678232
143,2020-06-13,134263.7147965686,122120.94532556602,148797.14375648563,134263.7147965686,134263.7147965686,1216.5272895245778,1216.5272895245778,1216.5272895245778,1216.5272895245778,1216.5272895245778,1216.5272895245778,0.0,0.0,0.0,135480.24208609317
144,2020-06-14,148487.48132646526,135782.62426832665,164348.2080030795,148487.48132646526,148487.48132646526,1325.3559511888316,1325.3559511888316,1325.3559511888316,1325.3559511888316,1325.3559511888316,1325.3559511888316,0.0,0.0,0.0,149812.8372776541
145,2020-06-15,162711.24785636162,147828.8737268329,175986.49771200633,162711.24785636162,162711.24785636162,-910.794980153627,-910.794980153627,-910.794980153627,-910.794980153627,-910.794980153627,-910.794980153627,0.0,0.0,0.0,161800.452876208
146,2020-06-16,176935.01438625858,161687.0763156137,189397.0687158296,176935.01438625858,176935.01438625858,-949.2793479599212,-949.2793479599212,-949.2793479599212,-949.2793479599212,-949.2793479599212,-949.2793479599212,0.0,0.0,0.0,175985.73503829865
147,2020-06-17,191158.78091615494,176829.21642018604,203774.25984080293,191158.78091615494,191158.78091615494,-986.0768442740303,-986.0768442740303,-986.0768442740303,-986.0768442740303,-986.0768442740303,-986.0768442740303,0.0,0.0,0.0,190172.7040718809
148,2020-06-18,205382.5474460516,191923.5755263929,219702.51284540712,205382.5474460516,205382.5474460516,-93.46433074491488,-93.46433074491488,-93.46433074491488,-93.46433074491488,-93.46433074491488,-93.46433074491488,0.0,0.0,0.0,205289.0831153067
149,2020-06-19,219606.31397594797,206778.32505164613,232738.5651004258,219606.31397594797,219606.31397594797,397.7322624258391,397.7322624258391,397.7322624258391,397.7322624258391,397.7322624258391,397.7322624258391,0.0,0.0,0.0,220004.04623837382
150,2020-06-20,233830.08050584493,221872.49189746834,249428.42056604323,233830.08050584493,233830.08050584493,1216.5272895220226,1216.5272895220226,1216.5272895220226,1216.5272895220226,1216.5272895220226,1216.5272895220226,0.0,0.0,0.0,235046.60779536696
151,2020-06-21,248053.8470357416,236124.93889066973,262587.7215339533,248053.8470357416,248053.8470357416,1325.3559511897868,1325.3559511897868,1325.3559511897868,1325.3559511897868,1325.3559511897868,1325.3559511897868,0.0,0.0,0.0,249379.2029869314
152,2020-06-22,262277.61356563796,248302.88594422722,274795.91765347536,262277.61356563796,262277.61356563796,-910.7949801543282,-910.7949801543282,-910.7949801543282,-910.7949801543282,-910.7949801543282,-910.7949801543282,0.0,0.0,0.0,261366.81858548365
153,2020-06-23,276501.3800955346,262291.0348208946,288743.18232930766,276501.3800955346,276501.3800955346,-949.2793479605245,-949.2793479605245,-949.2793479605245,-949.2793479605245,-949.2793479605245,-949.2793479605245,0.0,0.0,0.0,275552.10074757406
154,2020-06-24,290725.14662543096,276442.27295700775,303645.81989703706,290725.14662543096,290725.14662543096,-986.0768442747561,-986.0768442747561,-986.0768442747561,-986.0768442747561,-986.0768442747561,-986.0768442747561,0.0,0.0,0.0,289739.0697811562
155,2020-06-25,304948.91315532796,289163.3153589469,318202.32486934186,304948.91315532796,304948.91315532796,-93.46433074669336,-93.46433074669336,-93.46433074669336,-93.46433074669336,-93.46433074669336,-93.46433074669336,0.0,0.0,0.0,304855.4488245813
156,2020-06-26,319172.6796852243,306663.581197889,333525.39783612086,319172.6796852243,319172.6796852243,397.73226242712167,397.73226242712167,397.73226242712167,397.73226242712167,397.73226242712167,397.73226242712167,0.0,0.0,0.0,319570.4119476514
157,2020-06-27,333396.44621512096,320140.4660265,347716.02550817194,333396.44621512096,333396.44621512096,1216.5272895219662,1216.5272895219662,1216.5272895219662,1216.5272895219662,1216.5272895219662,1216.5272895219662,0.0,0.0,0.0,334612.9735046429
158,2020-06-28,347620.2127450173,336389.4953562257,362872.4872835035,347620.2127450174,347620.2127450174,1325.3559511876647,1325.3559511876647,1325.3559511876647,1325.3559511876647,1325.3559511876647,1325.3559511876647,0.0,0.0,0.0,348945.568696205
159,2020-06-29,361843.9792749143,346798.1502373457,374571.50858717214,361843.9792749143,361843.9792749143,-910.7949801555619,-910.7949801555619,-910.7949801555619,-910.7949801555619,-910.7949801555619,-910.7949801555619,0.0,0.0,0.0,360933.1842947588
160,2020-06-30,376067.74580481066,361340.86568347865,389020.9482575052,376067.74580481066,376067.74580481066,-949.2793479599706,-949.2793479599706,-949.2793479599706,-949.2793479599706,-949.2793479599706,-949.2793479599706,0.0,0.0,0.0,375118.4664568507
161,2020-07-01,390291.5123347073,375727.7864960235,403047.5534897103,390291.5123347073,390291.5123347073,-986.07684427661,-986.07684427661,-986.07684427661,-986.07684427661,-986.07684427661,-986.07684427661,0.0,0.0,0.0,389305.4354904307
162,2020-07-02,404515.278864604,390676.8439910214,418754.83144160436,404515.278864604,404515.278864604,-93.46433074692742,-93.46433074692742,-93.46433074692742,-93.46433074692742,-93.46433074692742,-93.46433074692742,0.0,0.0,0.0,404421.8145338571
163,2020-07-03,418739.04539450037,405250.5964522571,432131.2193985197,418739.04539450037,418739.04539450037,397.7322624259068,397.7322624259068,397.7322624259068,397.7322624259068,397.7322624259068,397.7322624259068,0.0,0.0,0.0,419136.77765692625
164,2020-07-04,432962.8119243973,420493.53486079985,448038.9353273957,432962.8119243973,432962.8119243973,1216.5272895219102,1216.5272895219102,1216.5272895219102,1216.5272895219102,1216.5272895219102,1216.5272895219102,0.0,0.0,0.0,434179.33921391924
165,2020-07-05,447186.57845429366,434767.2524989891,461997.06390771124,447186.57845429366,447186.57845429366,1325.3559511855428,1325.3559511855428,1325.3559511855428,1325.3559511855428,1325.3559511855428,1325.3559511855428,0.0,0.0,0.0,448511.93440547923
166,2020-07-06,461410.34498419036,447099.87094401714,474807.3988584719,461410.34498419036,461410.34498419036,-910.7949801506687,-910.7949801506687,-910.7949801506687,-910.7949801506687,-910.7949801506687,-910.7949801506687,0.0,0.0,0.0,460499.5500040397
167,2020-07-07,475634.1115140867,461245.61990888667,487886.0240299317,475634.1115140867,475634.1115140867,-949.2793479599951,-949.2793479599951,-949.2793479599951,-949.2793479599951,-949.2793479599951,-949.2793479599951,0.0,0.0,0.0,474684.8321661267
168,2020-07-08,489857.87804398366,475800.3056522664,502777.6586085824,489857.87804398366,489857.87804398366,-986.0768442757604,-986.0768442757604,-986.0768442757604,-986.0768442757604,-986.0768442757604,-986.0768442757604,0.0,0.0,0.0,488871.8011997079
169,2020-07-09,504081.64457388,490483.55339826987,518232.4933256408,504081.64457388,504081.64457388,-93.4643307449014,-93.4643307449014,-93.4643307449014,-93.4643307449014,-93.4643307449014,-93.4643307449014,0.0,0.0,0.0,503988.1802431351
170,2020-07-10,518305.4111037767,504678.1832707201,532508.0545579788,518305.4111037767,518305.4111037767,397.7322624296863,397.7322624296863,397.7322624296863,397.7322624296863,397.7322624296863,397.7322624296863,0.0,0.0,0.0,518703.1433662064
171,2020-07-11,532529.1776336734,519703.6066936876,548579.2535921673,532529.1776336734,532529.1776336734,1216.527289524094,1216.527289524094,1216.527289524094,1216.527289524094,1216.527289524094,1216.527289524094,0.0,0.0,0.0,533745.7049231975
172,2020-07-12,546752.9441635697,533693.8783179785,561739.9137947465,546752.9441635697,546752.9441635697,1325.355951186498,1325.355951186498,1325.355951186498,1325.355951186498,1325.355951186498,1325.355951186498,0.0,0.0,0.0,548078.3001147562
173,2020-07-13,560976.7106934667,546020.8521202024,573531.4817557443,560976.7106934667,560976.7106934667,-910.7949801519025,-910.7949801519025,-910.7949801519025,-910.7949801519025,-910.7949801519025,-910.7949801519025,0.0,0.0,0.0,560065.9157133148
174,2020-07-14,575200.477223363,560789.5954383167,586840.763815057,575200.477223363,575200.477223363,-949.2793479600199,-949.2793479600199,-949.2793479600199,-949.2793479600199,-949.2793479600199,-949.2793479600199,0.0,0.0,0.0,574251.197875403
175,2020-07-15,589424.2437532598,574196.1958919895,602340.2170975481,589424.2437532598,589424.2437532598,-986.0768442749107,-986.0768442749107,-986.0768442749107,-986.0768442749107,-986.0768442749107,-986.0768442749107,0.0,0.0,0.0,588438.1669089849
176,2020-07-16,603648.0102831561,589518.4088249689,616282.0705739816,603648.0102831561,603648.0102831561,-93.4643307428753,-93.4643307428753,-93.4643307428753,-93.4643307428753,-93.4643307428753,-93.4643307428753,0.0,0.0,0.0,603554.5459524132
177,2020-07-17,617871.7768130531,603453.6851636419,632683.689987369,617871.7768130531,617871.7768130531,397.7322624245398,397.7322624245398,397.7322624245398,397.7322624245398,397.7322624245398,397.7322624245398,0.0,0.0,0.0,618269.5090754776
178,2020-07-18,632095.5433429494,619233.1580852813,647526.6029000295,632095.5433429494,632095.5433429494,1216.527289521538,1216.527289521538,1216.527289521538,1216.527289521538,1216.527289521538,1216.527289521538,0.0,0.0,0.0,633312.0706324709
179,2020-07-19,646319.3098728461,634558.144862275,661226.5395964733,646319.3098728461,646319.3098728461,1325.3559511843757,1325.3559511843757,1325.3559511843757,1325.3559511843757,1325.3559511843757,1325.3559511843757,0.0,0.0,0.0,647644.6658240305
180,2020-07-20,660543.0764027428,645598.1600554491,673135.2727378949,660543.0764027428,660543.0764027428,-910.7949801526034,-910.7949801526034,-910.7949801526034,-910.7949801526034,-910.7949801526034,-910.7949801526034,0.0,0.0,0.0,659632.2814225901
181,2020-07-21,674766.8429326394,660899.8501934658,688376.7757884008,674727.9642806093,674883.3455240267,-949.2793479600447,-949.2793479600447,-949.2793479600447,-949.2793479600447,-949.2793479600447,-949.2793479600447,0.0,0.0,0.0,673817.5635846794
182,2020-07-22,688990.6094625357,674368.157367999,702150.7622452537,688572.7184620898,689494.8538814283,-986.0768442783404,-986.0768442783404,-986.0768442783404,-986.0768442783404,-986.0768442783404,-986.0768442783404,0.0,0.0,0.0,688004.5326182573
183,2020-07-23,703214.3759924325,689871.0798334304,717920.6593279317,702233.3525508872,704067.3446361388,-93.4643307453695,-93.4643307453695,-93.4643307453695,-93.4643307453695,-93.4643307453695,-93.4643307453695,0.0,0.0,0.0,703120.9116616871
184,2020-07-24,717438.1425223291,702146.5094021205,731198.1338914605,715820.1360874512,718933.1569568783,397.7322624258221,397.7322624258221,397.7322624258221,397.7322624258221,397.7322624258221,397.7322624258221,0.0,0.0,0.0,717835.8747847549
185,2020-07-25,731661.9090522258,719239.6632006054,746591.0518207774,729523.1919594423,733913.7298748404,1216.527289521482,1216.527289521482,1216.527289521482,1216.527289521482,1216.527289521482,1216.527289521482,0.0,0.0,0.0,732878.4363417473
186,2020-07-26,745885.675582122,732199.3510503746,760601.1875378236,742980.4550859588,748857.6650349476,1325.3559511837923,1325.3559511837923,1325.3559511837923,1325.3559511837923,1325.3559511837923,1325.3559511837923,0.0,0.0,0.0,747211.0315333059
187,2020-07-27,760109.4421120188,743733.2129102593,774023.7329655616,756427.6544556074,763748.3333274856,-910.7949801543699,-910.7949801543699,-910.7949801543699,-910.7949801543699,-910.7949801543699,-910.7949801543699,0.0,0.0,0.0,759198.6471318644
188,2020-07-28,774333.2086419155,758792.8783008867,788382.1866992408,769878.2733529012,778870.7388426955,-949.2793479600803,-949.2793479600803,-949.2793479600803,-949.2793479600803,-949.2793479600803,-949.2793479600803,0.0,0.0,0.0,773383.9292939554
189,2020-07-29,788556.9751718121,771821.5901920828,803977.6544808862,783152.8623868049,794047.7959707238,-986.0768442759155,-986.0768442759155,-986.0768442759155,-986.0768442759155,-986.0768442759155,-986.0768442759155,0.0,0.0,0.0,787570.8983275362
190,2020-07-30,802780.7417017088,786766.3339163293,818957.5112776933,796334.5192720465,809424.4937737552,-93.46433074334344,-93.46433074334344,-93.46433074334344,-93.46433074334344,-93.46433074334344,-93.46433074334344,0.0,0.0,0.0,802687.2773709655
191,2020-07-31,817004.5082316052,801066.999355903,833562.8231856624,809846.1508351322,824640.3364365745,397.7322624271044,397.7322624271044,397.7322624271044,397.7322624271044,397.7322624271044,397.7322624271044,0.0,0.0,0.0,817402.2404940323
192,2020-08-01,831228.2747615018,816624.0587725422,849892.8833438833,822893.397396089,839746.9274492434,1216.5272895214264,1216.5272895214264,1216.5272895214264,1216.5272895214264,1216.5272895214264,1216.5272895214264,0.0,0.0,0.0,832444.8020510232
193,2020-08-02,845452.0412913985,829764.4635779066,864222.6466121523,836195.8477668427,855024.8509423283,1325.3559511868125,1325.3559511868125,1325.3559511868125,1325.3559511868125,1325.3559511868125,1325.3559511868125,0.0,0.0,0.0,846777.3972425853
194,2020-08-03,859675.8078212951,840397.9198382385,875748.0698832842,849476.168450625,870531.1971137607,-910.7949801550711,-910.7949801550711,-910.7949801550711,-910.7949801550711,-910.7949801550711,-910.7949801550711,0.0,0.0,0.0,858765.01284114
195,2020-08-04,873899.5743511915,853868.3378362269,891342.9260483771,862617.436362331,886415.9234045087,-949.2793479601047,-949.2793479601047,-949.2793479601047,-949.2793479601047,-949.2793479601047,-949.2793479601047,0.0,0.0,0.0,872950.2950032314
196,2020-08-05,888123.3408810882,867402.9893481771,907983.6510327251,875790.0059785964,901788.7388376812,-986.0768442766415,-986.0768442766415,-986.0768442766415,-986.0768442766415,-986.0768442766415,-986.0768442766415,0.0,0.0,0.0,887137.2640368115
197,2020-08-06,902347.1074109852,882281.2264416153,923811.9200153134,888953.4544205179,917305.2095690627,-93.46433074357752,-93.46433074357752,-93.46433074357752,-93.46433074357752,-93.46433074357752,-93.46433074357752,0.0,0.0,0.0,902253.6430802416
198,2020-08-07,916570.8739408815,898161.8962816771,939891.0016040284,901894.5069828924,933024.0732972266,397.7322624283867,397.7322624283867,397.7322624283867,397.7322624283867,397.7322624283867,397.7322624283867,0.0,0.0,0.0,916968.6062033098
199,2020-08-08,930794.6404707785,910548.1394056902,954238.3321196941,914706.6485949871,948376.9115303878,1216.5272895236103,1216.5272895236103,1216.5272895236103,1216.5272895236103,1216.5272895236103,1216.5272895236103,0.0,0.0,0.0,932011.1677603021
200,2020-08-09,945018.4070006742,921900.2579174939,970124.5890095832,927786.8531211357,964075.5741784819,1325.3559511877675,1325.3559511877675,1325.3559511877675,1325.3559511877675,1325.3559511877675,1325.3559511877675,0.0,0.0,0.0,946343.762951862
201,2020-08-10,959242.1735305712,934700.4467287938,983401.2694191537,940367.4067049891,979826.634706299,-910.794980155772,-910.794980155772,-910.794980155772,-910.794980155772,-910.794980155772,-910.794980155772,0.0,0.0,0.0,958331.3785504154
202,2020-08-11,973465.9400604682,948697.1558098885,998495.8909477543,952963.1322774119,995925.9551557715,-949.2793479601295,-949.2793479601295,-949.2793479601295,-949.2793479601295,-949.2793479601295,-949.2793479601295,0.0,0.0,0.0,972516.660712508
203,2020-08-12,987689.7065903645,959602.7008306839,1012872.1018053077,965709.0470243957,1011660.9129649822,-986.0768442757919,-986.0768442757919,-986.0768442757919,-986.0768442757919,-986.0768442757919,-986.0768442757919,0.0,0.0,0.0,986703.6297460886
204,2020-08-13,1001913.4731202609,975818.9887140167,1032079.168869049,979006.1738855573,1027124.5079423056,-93.46433074535602,-93.46433074535602,-93.46433074535602,-93.46433074535602,-93.46433074535602,-93.46433074535602,0.0,0.0,0.0,1001820.0087895155
205,2020-08-14,1016137.2396501572,988450.3533178836,1047845.2524446578,991906.165390173,1042906.9411984952,397.73226242324023,397.73226242324023,397.73226242324023,397.73226242324023,397.73226242324023,397.73226242324023,0.0,0.0,0.0,1016534.9719125804
206,2020-08-15,1030361.0061800542,1001392.7903635796,1064752.6552051934,1004642.5633317687,1058781.4572120486,1216.5272895213145,1216.5272895213145,1216.5272895213145,1216.5272895213145,1216.5272895213145,1216.5272895213145,0.0,0.0,0.0,1031577.5334695755
207,2020-08-16,1044584.7727099512,1013925.3430789615,1082311.3493638684,1017223.2708797907,1074270.639105923,1325.3559511856456,1325.3559511856456,1325.3559511856456,1325.3559511856456,1325.3559511856456,1325.3559511856456,0.0,0.0,0.0,1045910.1286611368
208,2020-08-17,1058808.5392398476,1026911.0443732552,1092698.360520158,1030181.1201551361,1090515.631800879,-910.7949801575386,-910.7949801575386,-910.7949801575386,-910.7949801575386,-910.7949801575386,-910.7949801575386,0.0,0.0,0.0,1057897.74425969
209,2020-08-18,1073032.3057697439,1037572.9796807771,1110164.4888533081,1042977.7494641966,1106714.4539003985,-949.2793479607438,-949.2793479607438,-949.2793479607438,-949.2793479607438,-949.2793479607438,-949.2793479607438,0.0,0.0,0.0,1072083.026421783
210,2020-08-19,1087256.0722996402,1053210.7837345207,1125525.4478318053,1055635.3007775862,1123084.9403188531,-986.0768442749426,-986.0768442749426,-986.0768442749426,-986.0768442749426,-986.0768442749426,-986.0768442749426,0.0,0.0,0.0,1086269.9954553652
211,2020-08-20,1101479.8388295372,1063318.2155337513,1141233.830486205,1067955.1540046814,1139382.0115755443,-93.4643307455901,-93.4643307455901,-93.4643307455901,-93.4643307455901,-93.4643307455901,-93.4643307455901,0.0,0.0,0.0,1101386.3744987915
212,2020-08-21,1115703.6053594342,1076337.5364719762,1157130.9090772711,1080287.145062045,1154828.7891792632,397.7322624220254,397.7322624220254,397.7322624220254,397.7322624220254,397.7322624220254,397.7322624220254,0.0,0.0,0.0,1116101.3376218562
213,2020-08-22,1129927.37188933,1089826.68585141,1175779.9496198115,1092413.2333557557,1170295.4499149348,1216.527289523498,1216.527289523498,1216.527289523498,1216.527289523498,1216.527289523498,1216.527289523498,0.0,0.0,0.0,1131143.8991788535
214,2020-08-23,1144151.138419227,1101367.2106275316,1192537.2947923103,1104794.0742800666,1186703.5755215052,1325.3559511850624,1325.3559511850624,1325.3559511850624,1325.3559511850624,1325.3559511850624,1325.3559511850624,0.0,0.0,0.0,1145476.494370412
215,2020-08-24,1158374.904949124,1112461.2766262542,1204735.194202651,1117246.996808083,1203337.9012053127,-910.7949801521127,-910.7949801521127,-910.7949801521127,-910.7949801521127,-910.7949801521127,-910.7949801521127,0.0,0.0,0.0,1157464.109968972
216,2020-08-25,1172598.6714790203,1126774.5252608939,1223669.7085188148,1129397.2746631077,1219403.6784796193,-949.2793479601899,-949.2793479601899,-949.2793479601899,-949.2793479601899,-949.2793479601899,-949.2793479601899,0.0,0.0,0.0,1171649.3921310601
217,2020-08-26,1186822.4380089173,1141345.7048318712,1236171.4747443476,1141640.3093950597,1235935.9522893596,-986.0768442740927,-986.0768442740927,-986.0768442740927,-986.0768442740927,-986.0768442740927,-986.0768442740927,0.0,0.0,0.0,1185836.3611646432
218,2020-08-27,1201046.2045388129,1153251.0794855298,1251567.0659646685,1154094.611328346,1252177.3236603003,-93.46433074356402,-93.46433074356402,-93.46433074356402,-93.46433074356402,-93.46433074356402,-93.46433074356402,0.0,0.0,0.0,1200952.7402080693
219,2020-08-28,1215269.9710687099,1163156.072233063,1270435.3360565582,1167121.4683129548,1268510.397892313,397.7322624258047,397.7322624258047,397.7322624258047,397.7322624258047,397.7322624258047,397.7322624258047,0.0,0.0,0.0,1215667.7033311357
220,2020-08-29,1229493.7375986069,1178826.3414060224,1287023.3407650813,1179522.7046666746,1284838.2485328296,1216.5272895209425,1216.5272895209425,1216.5272895209425,1216.5272895209425,1216.5272895209425,1216.5272895209425,0.0,0.0,0.0,1230710.2648881278
221,2020-08-30,1243717.5041285031,1188095.5142653594,1306051.025899628,1191285.0758726816,1301291.8635691255,1325.3559511844787,1325.3559511844787,1325.3559511844787,1325.3559511844787,1325.3559511844787,1325.3559511844787,0.0,0.0,0.0,1245042.8600796876
222,2020-08-31,1257941.2706583997,1201312.4670676866,1317457.642468627,1203623.7526399367,1317474.7990172345,-910.7949801533464,-910.7949801533464,-910.7949801533464,-910.7949801533464,-910.7949801533464,-910.7949801533464,0.0,0.0,0.0,1257030.4756782462
223,2020-09-01,1272165.037188296,1211994.011147015,1332898.7836311164,1215403.1765563965,1333833.9361192733,-949.2793479607932,-949.2793479607932,-949.2793479607932,-949.2793479607932,-949.2793479607932,-949.2793479607932,0.0,0.0,0.0,1271215.7578403351
224,2020-09-02,1286388.803718193,1224744.3358550717,1347829.9867733605,1227841.9096069501,1350091.4206231867,-986.0768442748187,-986.0768442748187,-986.0768442748187,-986.0768442748187,-986.0768442748187,-986.0768442748187,0.0,0.0,0.0,1285402.7268739182
225,2020-09-03,1300612.57024809,1238575.3549077967,1367717.5253713808,1240212.2008497966,1366495.5012645589,-93.46433074605824,-93.46433074605824,-93.46433074605824,-93.46433074605824,-93.46433074605824,-93.46433074605824,0.0,0.0,0.0,1300519.1059173439
226,2020-09-04,1314836.3367779856,1250554.5668013261,1383037.1045137183,1252536.0039760715,1383759.8500996998,397.7322624245901,397.7322624245901,397.7322624245901,397.7322624245901,397.7322624245901,397.7322624245901,0.0,0.0,0.0,1315234.0690404102
227,2020-09-05,1329060.1033078826,1262640.722257496,1400085.38497739,1264362.4011522043,1400093.8103510272,1216.5272895208866,1216.5272895208866,1216.5272895208866,1216.5272895208866,1216.5272895208866,1216.5272895208866,0.0,0.0,0.0,1330276.6305974035
228,2020-09-06,1343283.8698377789,1273574.9700834972,1419218.4806661706,1276577.5252603616,1417161.9055572771,1325.3559511838953,1325.3559511838953,1325.3559511838953,1325.3559511838953,1325.3559511838953,1325.3559511838953,0.0,0.0,0.0,1344609.2257889628
229,2020-09-07,1357507.6363676758,1285422.1681626798,1432150.973565192,1288360.023170845,1433656.318510581,-910.7949801540474,-910.7949801540474,-910.7949801540474,-910.7949801540474,-910.7949801540474,-910.7949801540474,0.0,0.0,0.0,1356596.8413875217
230,2020-09-08,1371731.4028975728,1297627.5882487586,1450536.4316083214,1300346.0204866454,1450069.8330429904,-949.2793479602392,-949.2793479602392,-949.2793479602392,-949.2793479602392,-949.2793479602392,-949.2793479602392,0.0,0.0,0.0,1370782.1235496127
231,2020-09-09,1385955.1694274687,1308983.2824485009,1464313.1953704152,1311936.3417394906,1466589.9374376307,-986.0768442766725,-986.0768442766725,-986.0768442766725,-986.0768442766725,-986.0768442766725,-986.0768442766725,0.0,0.0,0.0,1384969.092583192
232,2020-09-10,1400178.9359573657,1321865.0098229088,1482068.960134115,1323936.2551593622,1482841.3995125524,-93.4643307455766,-93.4643307455766,-93.4643307455766,-93.4643307455766,-93.4643307455766,-93.4643307455766,0.0,0.0,0.0,1400085.47162662
233,2020-09-11,1414402.7024872627,1335396.5379844531,1500509.573464266,1335475.1859229633,1499180.3449856332,397.7322624258725,397.7322624258725,397.7322624258725,397.7322624258725,397.7322624258725,397.7322624258725,0.0,0.0,0.0,1414800.4347496885
234,2020-09-12,1428626.469017159,1347177.4539403724,1519634.539050497,1347695.3807925675,1516497.4010976355,1216.5272895208302,1216.5272895208302,1216.5272895208302,1216.5272895208302,1216.5272895208302,1216.5272895208302,0.0,0.0,0.0,1429842.9963066797
235,2020-09-13,1442850.2355470553,1361331.0969365104,1532248.2721580975,1359064.3044343817,1533173.4488417946,1325.3559511817732,1325.3559511817732,1325.3559511817732,1325.3559511817732,1325.3559511817732,1325.3559511817732,0.0,0.0,0.0,1444175.591498237
236,2020-09-14,1457074.0020769518,1368217.6415955597,1545543.7174170562,1369946.0231395084,1549960.8237905074,-910.7949801496869,-910.7949801496869,-910.7949801496869,-910.7949801496869,-910.7949801496869,-910.7949801496869,0.0,0.0,0.0,1456163.207096802
237,2020-09-15,1471297.7686068485,1379950.0127252038,1563182.0493066246,1382046.7510497142,1566247.782339674,-949.2793479596852,-949.2793479596852,-949.2793479596852,-949.2793479596852,-949.2793479596852,-949.2793479596852,0.0,0.0,0.0,1470348.4892588889
238,2020-09-16,1485521.5351367455,1391226.2990420354,1582947.760575995,1392496.2170259422,1582614.0647079633,-986.0768442758233,-986.0768442758233,-986.0768442758233,-986.0768442758233,-986.0768442758233,-986.0768442758233,0.0,0.0,0.0,1484535.4582924696
239,2020-09-17,1499745.301666642,1406205.4838784202,1602912.8606775524,1404195.6093307324,1598711.3651569444,-93.46433074581064,-93.46433074581064,-93.46433074581064,-93.46433074581064,-93.46433074581064,-93.46433074581064,0.0,0.0,0.0,1499651.8373358962
240,2020-09-18,1513969.0681965384,1415278.2750588008,1614890.8933830732,1416010.63033832,1615226.1959949965,397.7322624271548,397.7322624271548,397.7322624271548,397.7322624271548,397.7322624271548,397.7322624271548,0.0,0.0,0.0,1514366.8004589656
241,2020-09-19,1528192.8347264347,1432926.5503030645,1634467.8770725166,1427636.3195228118,1631896.4906975576,1216.5272895230141,1216.5272895230141,1216.5272895230141,1216.5272895230141,1216.5272895230141,1216.5272895230141,0.0,0.0,0.0,1529409.3620159577
242,2020-09-20,1542416.6012563317,1443152.095563956,1653497.3990641823,1438811.2434081517,1648604.3238811137,1325.3559511878707,1325.3559511878707,1325.3559511878707,1325.3559511878707,1325.3559511878707,1325.3559511878707,0.0,0.0,0.0,1543741.9572075196
243,2020-09-21,1556640.3677862287,1450962.066607707,1664573.7661241104,1450095.168668814,1665049.728777386,-910.7949801503879,-910.7949801503879,-910.7949801503879,-910.7949801503879,-910.7949801503879,-910.7949801503879,0.0,0.0,0.0,1555729.5728060782
244,2020-09-22,1570864.1343161245,1459200.9781352188,1681205.988791773,1462298.981717317,1680891.4665794952,-949.2793479602883,-949.2793479602883,-949.2793479602883,-949.2793479602883,-949.2793479602883,-949.2793479602883,0.0,0.0,0.0,1569914.854968164
245,2020-09-23,1585087.9008460212,1473524.372069985,1697293.4676037796,1474572.8409918214,1697257.8341107406,-986.0768442749738,-986.0768442749738,-986.0768442749738,-986.0768442749738,-986.0768442749738,-986.0768442749738,0.0,0.0,0.0,1584101.8240017463
246,2020-09-24,1599311.6673759178,1485106.4330763384,1716882.8126376825,1486341.5535718086,1713640.8101118165,-93.46433074378459,-93.46433074378459,-93.46433074378459,-93.46433074378459,-93.46433074378459,-93.46433074378459,0.0,0.0,0.0,1599218.203045174
247,2020-09-25,1613535.4339058148,1497075.3699561667,1731677.1852563564,1497009.4726080445,1730787.960254294,397.73226242450534,397.73226242450534,397.73226242450534,397.73226242450534,397.73226242450534,397.73226242450534,0.0,0.0,0.0,1613933.1661682392
248,2020-09-26,1627759.2004357118,1509918.0427040993,1746978.1252719122,1508999.2387778042,1747248.7174750543,1216.5272895251978,1216.5272895251978,1216.5272895251978,1216.5272895251978,1216.5272895251978,1216.5272895251978,0.0,0.0,0.0,1628975.727725237
249,2020-09-27,1641982.9669656074,1520179.1548988959,1763299.9352260712,1519697.4312717537,1764522.6194548553,1325.3559511857486,1325.3559511857486,1325.3559511857486,1325.3559511857486,1325.3559511857486,1325.3559511857486,0.0,0.0,0.0,1643308.3229167932
250,2020-09-28,1656206.7334955044,1529630.132419383,1781358.653491932,1531058.1617775015,1781194.8680061286,-910.7949801516216,-910.7949801516216,-910.7949801516216,-910.7949801516216,-910.7949801516216,-910.7949801516216,0.0,0.0,0.0,1655295.9385153528
251,2020-09-29,1670430.5000254014,1542973.3638806245,1796113.494696889,1542089.664301973,1797734.9502710574,-949.2793479597343,-949.2793479597343,-949.2793479597343,-949.2793479597343,-949.2793479597343,-949.2793479597343,0.0,0.0,0.0,1669481.2206774417
252,2020-09-30,1684654.2665552977,1552465.3454816458,1814390.8105019957,1554726.6176845143,1814108.8295539715,-986.0768442756994,-986.0768442756994,-986.0768442756994,-986.0768442756994,-986.0768442756994,-986.0768442756994,0.0,0.0,0.0,1683668.189711022
253,2020-10-01,1698878.033085194,1564436.4654697943,1831315.4650593668,1565632.5695436914,1830942.1042108608,-93.46433074627878,-93.46433074627878,-93.46433074627878,-93.46433074627878,-93.46433074627878,-93.46433074627878,0.0,0.0,0.0,1698784.5687544476
254,2020-10-02,1713101.7996150905,1579917.8284376436,1854355.990025201,1577910.1052212846,1847549.699852822,397.73226242329054,397.73226242329054,397.73226242329054,397.73226242329054,397.73226242329054,397.73226242329054,0.0,0.0,0.0,1713499.5318775137
255,2020-10-03,1727325.5661449875,1592346.1418778624,1866877.1378729313,1589473.1258794481,1864332.2344298128,1216.5272895229025,1216.5272895229025,1216.5272895229025,1216.5272895229025,1216.5272895229025,1216.5272895229025,0.0,0.0,0.0,1728542.0934345103
256,2020-10-04,1741549.3326748845,1603132.1558449103,1884374.7406786648,1601487.3798990333,1881117.873115684,1325.3559511851652,1325.3559511851652,1325.3559511851652,1325.3559511851652,1325.3559511851652,1325.3559511851652,0.0,0.0,0.0,1742874.6886260696
257,2020-10-05,1755773.0992047808,1613289.8567988698,1900787.2145596729,1613621.6977659035,1897769.2299025543,-910.7949801528555,-910.7949801528555,-910.7949801528555,-910.7949801528555,-910.7949801528555,-910.7949801528555,0.0,0.0,0.0,1754862.304224628
258,2020-10-06,1769996.865734677,1622846.0855341216,1916195.4478095793,1624790.379188864,1914274.7456761003,-949.2793479603487,-949.2793479603487,-949.2793479603487,-949.2793479603487,-949.2793479603487,-949.2793479603487,0.0,0.0,0.0,1769047.5863867167
259,2020-10-07,1784220.6322645734,1635402.7852813802,1933351.8474376195,1635657.0842635012,1931614.0353028765,-986.0768442732746,-986.0768442732746,-986.0768442732746,-986.0768442732746,-986.0768442732746,-986.0768442732746,0.0,0.0,0.0,1783234.5554203
260,2020-10-08,1798444.3987944704,1642080.346746591,1953189.1555277987,1646648.173865367,1949127.7555215226,-93.46433074425272,-93.46433074425272,-93.46433074425272,-93.46433074425272,-93.46433074425272,-93.46433074425272,0.0,0.0,0.0,1798350.9344637261
261,2020-10-09,1812668.1653243673,1659966.9040250971,1970501.7044065832,1658940.2218702778,1966404.1664030424,397.73226242707017,397.73226242707017,397.73226242707017,397.73226242707017,397.73226242707017,397.73226242707017,0.0,0.0,0.0,1813065.8975867943
262,2020-10-10,1826891.9318542632,1672559.033938321,1985104.4597705142,1671230.6200393182,1984388.7216670073,1216.527289525086,1216.527289525086,1216.527289525086,1216.527289525086,1216.527289525086,1216.527289525086,0.0,0.0,0.0,1828108.4591437883
263,2020-10-11,1841115.6983841602,1678449.9213553362,2002627.357102386,1682366.8970492017,2001558.1213127398,1325.3559511897238,1325.3559511897238,1325.3559511897238,1325.3559511897238,1325.3559511897238,1325.3559511897238,0.0,0.0,0.0,1842441.05433535
264,2020-10-12,1855339.4649140565,1696226.7210403273,2019429.840446258,1694168.0626300345,2018963.773553389,-910.7949801540891,-910.7949801540891,-910.7949801540891,-910.7949801540891,-910.7949801540891,-910.7949801540891,0.0,0.0,0.0,1854428.6699339023
265,2020-10-13,1869563.2314439535,1705830.5956173798,2037956.2935313985,1704456.8664038554,2037582.1460408098,-949.279347959795,-949.279347959795,-949.279347959795,-949.279347959795,-949.279347959795,-949.279347959795,0.0,0.0,0.0,1868613.9520959936
266,2020-10-14,1883786.9979738505,1716705.922842991,2053084.6505662827,1715790.444519159,2056261.2690278336,-986.0768442767039,-986.0768442767039,-986.0768442767039,-986.0768442767039,-986.0768442767039,-986.0768442767039,0.0,0.0,0.0,1882800.9211295738
267,2020-10-15,1898010.764503746,1724133.5209661876,2074074.6427224837,1727994.196132503,2071972.1491695445,-93.46433074448682,-93.46433074448682,-93.46433074448682,-93.46433074448682,-93.46433074448682,-93.46433074448682,0.0,0.0,0.0,1897917.3001730016
268,2020-10-16,1912234.531033643,1738033.6989793894,2092726.802680777,1739118.5541084746,2090028.7505924383,397.73226242585525,397.73226242585525,397.73226242585525,397.73226242585525,397.73226242585525,397.73226242585525,0.0,0.0,0.0,1912632.2632960689
269,2020-10-17,1926458.29756354,1749392.6325918045,2107565.3839635486,1750990.2449616836,2106227.49546027,1216.5272895225305,1216.5272895225305,1216.5272895225305,1216.5272895225305,1216.5272895225305,1216.5272895225305,0.0,0.0,0.0,1927674.8248530626
